text,positive,negative
"J'adore l'application, tout fonctionne parfaitement. #MoodMetrics #0001",1,0
"Très bonne surprise avec l'application, le résultat dépasse mes attentes. #Avis #0002",1,0
"Franchement satisfait de l'application, les explications sont utiles. #Feedback #0003",1,0
"Expérience positive pour l'application, l'équipe a été très aimable. #Client #0004",1,0
"Je recommande l'application, le parcours est agréable. #Tweet #0005",1,0
"Super moment avec l'application, c'est stable et pratique. #MoodMetrics #0006",1,0
"Belle amélioration sur l'application, la prise en main est facile. #Avis #0007",1,0
"Service impeccable pour l'application, l'interface est claire. #Feedback #0008",1,0
"Ravi de l'application, la navigation est fluide. #Client #0009",1,0
"Excellent ressenti sur l'application, la qualité est au rendez-vous. #Tweet #0010",1,0
"J'adore le site, la solution est simple. #MoodMetrics #0011",1,0
"Très bonne surprise avec le site, les informations sont précises. #Avis #0012",1,0
"Franchement satisfait de le site, les performances sont bonnes. #Feedback #0013",1,0
"Expérience positive pour le site, le suivi est rassurant. #Client #0014",1,0
"Je recommande le site, la réponse a été rapide. #Tweet #0015",1,0
"Super moment avec le site, le traitement est efficace. #MoodMetrics #0016",1,0
"Belle amélioration sur le site, le délai est respecté. #Avis #0017",1,0
"Service impeccable pour le site, ça me fait gagner du temps. #Feedback #0018",1,0
"Ravi de le site, je suis vraiment content. #Client #0019",1,0
"Excellent ressenti sur le site, le design est propre. #Tweet #0020",1,0
"J'adore le service client, tout fonctionne parfaitement. #MoodMetrics #0021",1,0
"Très bonne surprise avec le service client, le résultat dépasse mes attentes. #Avis #0022",1,0
"Franchement satisfait de le service client, les explications sont utiles. #Feedback #0023",1,0
"Expérience positive pour le service client, l'équipe a été très aimable. #Client #0024",1,0
"Je recommande le service client, le parcours est agréable. #Tweet #0025",1,0
"Super moment avec le service client, c'est stable et pratique. #MoodMetrics #0026",1,0
"Belle amélioration sur le service client, la prise en main est facile. #Avis #0027",1,0
"Service impeccable pour le service client, l'interface est claire. #Feedback #0028",1,0
"Ravi de le service client, la navigation est fluide. #Client #0029",1,0
"Excellent ressenti sur le service client, la qualité est au rendez-vous. #Tweet #0030",1,0
"J'adore la livraison, la solution est simple. #MoodMetrics #0031",1,0
"Très bonne surprise avec la livraison, les informations sont précises. #Avis #0032",1,0
"Franchement satisfait de la livraison, les performances sont bonnes. #Feedback #0033",1,0
"Expérience positive pour la livraison, le suivi est rassurant. #Client #0034",1,0
"Je recommande la livraison, la réponse a été rapide. #Tweet #0035",1,0
"Super moment avec la livraison, le traitement est efficace. #MoodMetrics #0036",1,0
"Belle amélioration sur la livraison, le délai est respecté. #Avis #0037",1,0
"Service impeccable pour la livraison, ça me fait gagner du temps. #Feedback #0038",1,0
"Ravi de la livraison, je suis vraiment content. #Client #0039",1,0
"Excellent ressenti sur la livraison, le design est propre. #Tweet #0040",1,0
"J'adore le paiement, tout fonctionne parfaitement. #MoodMetrics #0041",1,0
"Très bonne surprise avec le paiement, le résultat dépasse mes attentes. #Avis #0042",1,0
"Franchement satisfait de le paiement, les explications sont utiles. #Feedback #0043",1,0
"Expérience positive pour le paiement, l'équipe a été très aimable. #Client #0044",1,0
"Je recommande le paiement, le parcours est agréable. #Tweet #0045",1,0
"Super moment avec le paiement, c'est stable et pratique. #MoodMetrics #0046",1,0
"Belle amélioration sur le paiement, la prise en main est facile. #Avis #0047",1,0
"Service impeccable pour le paiement, l'interface est claire. #Feedback #0048",1,0
"Ravi de le paiement, la navigation est fluide. #Client #0049",1,0
"Excellent ressenti sur le paiement, la qualité est au rendez-vous. #Tweet #0050",1,0
"J'adore le tableau de bord, la solution est simple. #MoodMetrics #0051",1,0
"Très bonne surprise avec le tableau de bord, les informations sont précises. #Avis #0052",1,0
"Franchement satisfait de le tableau de bord, les performances sont bonnes. #Feedback #0053",1,0
"Expérience positive pour le tableau de bord, le suivi est rassurant. #Client #0054",1,0
"Je recommande le tableau de bord, la réponse a été rapide. #Tweet #0055",1,0
"Super moment avec le tableau de bord, le traitement est efficace. #MoodMetrics #0056",1,0
"Belle amélioration sur le tableau de bord, le délai est respecté. #Avis #0057",1,0
"Service impeccable pour le tableau de bord, ça me fait gagner du temps. #Feedback #0058",1,0
"Ravi de le tableau de bord, je suis vraiment content. #Client #0059",1,0
"Excellent ressenti sur le tableau de bord, le design est propre. #Tweet #0060",1,0
"J'adore la réservation, tout fonctionne parfaitement. #MoodMetrics #0061",1,0
"Très bonne surprise avec la réservation, le résultat dépasse mes attentes. #Avis #0062",1,0
"Franchement satisfait de la réservation, les explications sont utiles. #Feedback #0063",1,0
"Expérience positive pour la réservation, l'équipe a été très aimable. #Client #0064",1,0
"Je recommande la réservation, le parcours est agréable. #Tweet #0065",1,0
"Super moment avec la réservation, c'est stable et pratique. #MoodMetrics #0066",1,0
"Belle amélioration sur la réservation, la prise en main est facile. #Avis #0067",1,0
"Service impeccable pour la réservation, l'interface est claire. #Feedback #0068",1,0
"Ravi de la réservation, la navigation est fluide. #Client #0069",1,0
"Excellent ressenti sur la réservation, la qualité est au rendez-vous. #Tweet #0070",1,0
"J'adore le support, la solution est simple. #MoodMetrics #0071",1,0
"Très bonne surprise avec le support, les informations sont précises. #Avis #0072",1,0
"Franchement satisfait de le support, les performances sont bonnes. #Feedback #0073",1,0
"Expérience positive pour le support, le suivi est rassurant. #Client #0074",1,0
"Je recommande le support, la réponse a été rapide. #Tweet #0075",1,0
"Super moment avec le support, le traitement est efficace. #MoodMetrics #0076",1,0
"Belle amélioration sur le support, le délai est respecté. #Avis #0077",1,0
"Service impeccable pour le support, ça me fait gagner du temps. #Feedback #0078",1,0
"Ravi de le support, je suis vraiment content. #Client #0079",1,0
"Excellent ressenti sur le support, le design est propre. #Tweet #0080",1,0
"J'adore la nouvelle version, tout fonctionne parfaitement. #MoodMetrics #0081",1,0
"Très bonne surprise avec la nouvelle version, le résultat dépasse mes attentes. #Avis #0082",1,0
"Franchement satisfait de la nouvelle version, les explications sont utiles. #Feedback #0083",1,0
"Expérience positive pour la nouvelle version, l'équipe a été très aimable. #Client #0084",1,0
"Je recommande la nouvelle version, le parcours est agréable. #Tweet #0085",1,0
"Super moment avec la nouvelle version, c'est stable et pratique. #MoodMetrics #0086",1,0
"Belle amélioration sur la nouvelle version, la prise en main est facile. #Avis #0087",1,0
"Service impeccable pour la nouvelle version, l'interface est claire. #Feedback #0088",1,0
"Ravi de la nouvelle version, la navigation est fluide. #Client #0089",1,0
"Excellent ressenti sur la nouvelle version, la qualité est au rendez-vous. #Tweet #0090",1,0
"J'adore la commande, la solution est simple. #MoodMetrics #0091",1,0
"Très bonne surprise avec la commande, les informations sont précises. #Avis #0092",1,0
"Franchement satisfait de la commande, les performances sont bonnes. #Feedback #0093",1,0
"Expérience positive pour la commande, le suivi est rassurant. #Client #0094",1,0
"Je recommande la commande, la réponse a été rapide. #Tweet #0095",1,0
"Super moment avec la commande, le traitement est efficace. #MoodMetrics #0096",1,0
"Belle amélioration sur la commande, le délai est respecté. #Avis #0097",1,0
"Service impeccable pour la commande, ça me fait gagner du temps. #Feedback #0098",1,0
"Ravi de la commande, je suis vraiment content. #Client #0099",1,0
"Excellent ressenti sur la commande, le design est propre. #Tweet #0100",1,0
"J'adore le produit, tout fonctionne parfaitement. #MoodMetrics #0101",1,0
"Très bonne surprise avec le produit, le résultat dépasse mes attentes. #Avis #0102",1,0
"Franchement satisfait de le produit, les explications sont utiles. #Feedback #0103",1,0
"Expérience positive pour le produit, l'équipe a été très aimable. #Client #0104",1,0
"Je recommande le produit, le parcours est agréable. #Tweet #0105",1,0
"Super moment avec le produit, c'est stable et pratique. #MoodMetrics #0106",1,0
"Belle amélioration sur le produit, la prise en main est facile. #Avis #0107",1,0
"Service impeccable pour le produit, l'interface est claire. #Feedback #0108",1,0
"Ravi de le produit, la navigation est fluide. #Client #0109",1,0
"Excellent ressenti sur le produit, la qualité est au rendez-vous. #Tweet #0110",1,0
"J'adore la boutique, la solution est simple. #MoodMetrics #0111",1,0
"Très bonne surprise avec la boutique, les informations sont précises. #Avis #0112",1,0
"Franchement satisfait de la boutique, les performances sont bonnes. #Feedback #0113",1,0
"Expérience positive pour la boutique, le suivi est rassurant. #Client #0114",1,0
"Je recommande la boutique, la réponse a été rapide. #Tweet #0115",1,0
"Super moment avec la boutique, le traitement est efficace. #MoodMetrics #0116",1,0
"Belle amélioration sur la boutique, le délai est respecté. #Avis #0117",1,0
"Service impeccable pour la boutique, ça me fait gagner du temps. #Feedback #0118",1,0
"Ravi de la boutique, je suis vraiment content. #Client #0119",1,0
"Excellent ressenti sur la boutique, le design est propre. #Tweet #0120",1,0
"J'adore le formulaire, tout fonctionne parfaitement. #MoodMetrics #0121",1,0
"Très bonne surprise avec le formulaire, le résultat dépasse mes attentes. #Avis #0122",1,0
"Franchement satisfait de le formulaire, les explications sont utiles. #Feedback #0123",1,0
"Expérience positive pour le formulaire, l'équipe a été très aimable. #Client #0124",1,0
"Je recommande le formulaire, le parcours est agréable. #Tweet #0125",1,0
"Super moment avec le formulaire, c'est stable et pratique. #MoodMetrics #0126",1,0
"Belle amélioration sur le formulaire, la prise en main est facile. #Avis #0127",1,0
"Service impeccable pour le formulaire, l'interface est claire. #Feedback #0128",1,0
"Ravi de le formulaire, la navigation est fluide. #Client #0129",1,0
"Excellent ressenti sur le formulaire, la qualité est au rendez-vous. #Tweet #0130",1,0
"J'adore le compte utilisateur, la solution est simple. #MoodMetrics #0131",1,0
"Très bonne surprise avec le compte utilisateur, les informations sont précises. #Avis #0132",1,0
"Franchement satisfait de le compte utilisateur, les performances sont bonnes. #Feedback #0133",1,0
"Expérience positive pour le compte utilisateur, le suivi est rassurant. #Client #0134",1,0
"Je recommande le compte utilisateur, la réponse a été rapide. #Tweet #0135",1,0
"Super moment avec le compte utilisateur, le traitement est efficace. #MoodMetrics #0136",1,0
"Belle amélioration sur le compte utilisateur, le délai est respecté. #Avis #0137",1,0
"Service impeccable pour le compte utilisateur, ça me fait gagner du temps. #Feedback #0138",1,0
"Ravi de le compte utilisateur, je suis vraiment content. #Client #0139",1,0
"Excellent ressenti sur le compte utilisateur, le design est propre. #Tweet #0140",1,0
"J'adore la notification, tout fonctionne parfaitement. #MoodMetrics #0141",1,0
"Très bonne surprise avec la notification, le résultat dépasse mes attentes. #Avis #0142",1,0
"Franchement satisfait de la notification, les explications sont utiles. #Feedback #0143",1,0
"Expérience positive pour la notification, l'équipe a été très aimable. #Client #0144",1,0
"Je recommande la notification, le parcours est agréable. #Tweet #0145",1,0
"Super moment avec la notification, c'est stable et pratique. #MoodMetrics #0146",1,0
"Belle amélioration sur la notification, la prise en main est facile. #Avis #0147",1,0
"Service impeccable pour la notification, l'interface est claire. #Feedback #0148",1,0
"Ravi de la notification, la navigation est fluide. #Client #0149",1,0
"Excellent ressenti sur la notification, la qualité est au rendez-vous. #Tweet #0150",1,0
"J'adore le suivi, la solution est simple. #MoodMetrics #0151",1,0
"Très bonne surprise avec le suivi, les informations sont précises. #Avis #0152",1,0
"Franchement satisfait de le suivi, les performances sont bonnes. #Feedback #0153",1,0
"Expérience positive pour le suivi, le suivi est rassurant. #Client #0154",1,0
"Je recommande le suivi, la réponse a été rapide. #Tweet #0155",1,0
"Super moment avec le suivi, le traitement est efficace. #MoodMetrics #0156",1,0
"Belle amélioration sur le suivi, le délai est respecté. #Avis #0157",1,0
"Service impeccable pour le suivi, ça me fait gagner du temps. #Feedback #0158",1,0
"Ravi de le suivi, je suis vraiment content. #Client #0159",1,0
"Excellent ressenti sur le suivi, le design est propre. #Tweet #0160",1,0
"J'adore le moteur de recherche, tout fonctionne parfaitement. #MoodMetrics #0161",1,0
"Très bonne surprise avec le moteur de recherche, le résultat dépasse mes attentes. #Avis #0162",1,0
"Franchement satisfait de le moteur de recherche, les explications sont utiles. #Feedback #0163",1,0
"Expérience positive pour le moteur de recherche, l'équipe a été très aimable. #Client #0164",1,0
"Je recommande le moteur de recherche, le parcours est agréable. #Tweet #0165",1,0
"Super moment avec le moteur de recherche, c'est stable et pratique. #MoodMetrics #0166",1,0
"Belle amélioration sur le moteur de recherche, la prise en main est facile. #Avis #0167",1,0
"Service impeccable pour le moteur de recherche, l'interface est claire. #Feedback #0168",1,0
"Ravi de le moteur de recherche, la navigation est fluide. #Client #0169",1,0
"Excellent ressenti sur le moteur de recherche, la qualité est au rendez-vous. #Tweet #0170",1,0
"J'adore la connexion, la solution est simple. #MoodMetrics #0171",1,0
"Très bonne surprise avec la connexion, les informations sont précises. #Avis #0172",1,0
"Franchement satisfait de la connexion, les performances sont bonnes. #Feedback #0173",1,0
"Expérience positive pour la connexion, le suivi est rassurant. #Client #0174",1,0
"Je recommande la connexion, la réponse a été rapide. #Tweet #0175",1,0
"Super moment avec la connexion, le traitement est efficace. #MoodMetrics #0176",1,0
"Belle amélioration sur la connexion, le délai est respecté. #Avis #0177",1,0
"Service impeccable pour la connexion, ça me fait gagner du temps. #Feedback #0178",1,0
"Ravi de la connexion, je suis vraiment content. #Client #0179",1,0
"Excellent ressenti sur la connexion, le design est propre. #Tweet #0180",1,0
"J'adore la facture, tout fonctionne parfaitement. #MoodMetrics #0181",1,0
"Très bonne surprise avec la facture, le résultat dépasse mes attentes. #Avis #0182",1,0
"Franchement satisfait de la facture, les explications sont utiles. #Feedback #0183",1,0
"Expérience positive pour la facture, l'équipe a été très aimable. #Client #0184",1,0
"Je recommande la facture, le parcours est agréable. #Tweet #0185",1,0
"Super moment avec la facture, c'est stable et pratique. #MoodMetrics #0186",1,0
"Belle amélioration sur la facture, la prise en main est facile. #Avis #0187",1,0
"Service impeccable pour la facture, l'interface est claire. #Feedback #0188",1,0
"Ravi de la facture, la navigation est fluide. #Client #0189",1,0
"Excellent ressenti sur la facture, la qualité est au rendez-vous. #Tweet #0190",1,0
"J'adore le remboursement, la solution est simple. #MoodMetrics #0191",1,0
"Très bonne surprise avec le remboursement, les informations sont précises. #Avis #0192",1,0
"Franchement satisfait de le remboursement, les performances sont bonnes. #Feedback #0193",1,0
"Expérience positive pour le remboursement, le suivi est rassurant. #Client #0194",1,0
"Je recommande le remboursement, la réponse a été rapide. #Tweet #0195",1,0
"Super moment avec le remboursement, le traitement est efficace. #MoodMetrics #0196",1,0
"Belle amélioration sur le remboursement, le délai est respecté. #Avis #0197",1,0
"Service impeccable pour le remboursement, ça me fait gagner du temps. #Feedback #0198",1,0
"Ravi de le remboursement, je suis vraiment content. #Client #0199",1,0
"Excellent ressenti sur le remboursement, le design est propre. #Tweet #0200",1,0
"J'adore l'application, tout fonctionne parfaitement. #MoodMetrics #0201",1,0
"Très bonne surprise avec l'application, le résultat dépasse mes attentes. #Avis #0202",1,0
"Franchement satisfait de l'application, les explications sont utiles. #Feedback #0203",1,0
"Expérience positive pour l'application, l'équipe a été très aimable. #Client #0204",1,0
"Je recommande l'application, le parcours est agréable. #Tweet #0205",1,0
"Super moment avec l'application, c'est stable et pratique. #MoodMetrics #0206",1,0
"Belle amélioration sur l'application, la prise en main est facile. #Avis #0207",1,0
"Service impeccable pour l'application, l'interface est claire. #Feedback #0208",1,0
"Ravi de l'application, la navigation est fluide. #Client #0209",1,0
"Excellent ressenti sur l'application, la qualité est au rendez-vous. #Tweet #0210",1,0
"J'adore le site, la solution est simple. #MoodMetrics #0211",1,0
"Très bonne surprise avec le site, les informations sont précises. #Avis #0212",1,0
"Franchement satisfait de le site, les performances sont bonnes. #Feedback #0213",1,0
"Expérience positive pour le site, le suivi est rassurant. #Client #0214",1,0
"Je recommande le site, la réponse a été rapide. #Tweet #0215",1,0
"Super moment avec le site, le traitement est efficace. #MoodMetrics #0216",1,0
"Belle amélioration sur le site, le délai est respecté. #Avis #0217",1,0
"Service impeccable pour le site, ça me fait gagner du temps. #Feedback #0218",1,0
"Ravi de le site, je suis vraiment content. #Client #0219",1,0
"Excellent ressenti sur le site, le design est propre. #Tweet #0220",1,0
"J'adore le service client, tout fonctionne parfaitement. #MoodMetrics #0221",1,0
"Très bonne surprise avec le service client, le résultat dépasse mes attentes. #Avis #0222",1,0
"Franchement satisfait de le service client, les explications sont utiles. #Feedback #0223",1,0
"Expérience positive pour le service client, l'équipe a été très aimable. #Client #0224",1,0
"Je recommande le service client, le parcours est agréable. #Tweet #0225",1,0
"Super moment avec le service client, c'est stable et pratique. #MoodMetrics #0226",1,0
"Belle amélioration sur le service client, la prise en main est facile. #Avis #0227",1,0
"Service impeccable pour le service client, l'interface est claire. #Feedback #0228",1,0
"Ravi de le service client, la navigation est fluide. #Client #0229",1,0
"Excellent ressenti sur le service client, la qualité est au rendez-vous. #Tweet #0230",1,0
"J'adore la livraison, la solution est simple. #MoodMetrics #0231",1,0
"Très bonne surprise avec la livraison, les informations sont précises. #Avis #0232",1,0
"Franchement satisfait de la livraison, les performances sont bonnes. #Feedback #0233",1,0
"Expérience positive pour la livraison, le suivi est rassurant. #Client #0234",1,0
"Je recommande la livraison, la réponse a été rapide. #Tweet #0235",1,0
"Super moment avec la livraison, le traitement est efficace. #MoodMetrics #0236",1,0
"Belle amélioration sur la livraison, le délai est respecté. #Avis #0237",1,0
"Service impeccable pour la livraison, ça me fait gagner du temps. #Feedback #0238",1,0
"Ravi de la livraison, je suis vraiment content. #Client #0239",1,0
"Excellent ressenti sur la livraison, le design est propre. #Tweet #0240",1,0
"J'adore le paiement, tout fonctionne parfaitement. #MoodMetrics #0241",1,0
"Très bonne surprise avec le paiement, le résultat dépasse mes attentes. #Avis #0242",1,0
"Franchement satisfait de le paiement, les explications sont utiles. #Feedback #0243",1,0
"Expérience positive pour le paiement, l'équipe a été très aimable. #Client #0244",1,0
"Je recommande le paiement, le parcours est agréable. #Tweet #0245",1,0
"Super moment avec le paiement, c'est stable et pratique. #MoodMetrics #0246",1,0
"Belle amélioration sur le paiement, la prise en main est facile. #Avis #0247",1,0
"Service impeccable pour le paiement, l'interface est claire. #Feedback #0248",1,0
"Ravi de le paiement, la navigation est fluide. #Client #0249",1,0
"Excellent ressenti sur le paiement, la qualité est au rendez-vous. #Tweet #0250",1,0
"J'adore le tableau de bord, la solution est simple. #MoodMetrics #0251",1,0
"Très bonne surprise avec le tableau de bord, les informations sont précises. #Avis #0252",1,0
"Franchement satisfait de le tableau de bord, les performances sont bonnes. #Feedback #0253",1,0
"Expérience positive pour le tableau de bord, le suivi est rassurant. #Client #0254",1,0
"Je recommande le tableau de bord, la réponse a été rapide. #Tweet #0255",1,0
"Super moment avec le tableau de bord, le traitement est efficace. #MoodMetrics #0256",1,0
"Belle amélioration sur le tableau de bord, le délai est respecté. #Avis #0257",1,0
"Service impeccable pour le tableau de bord, ça me fait gagner du temps. #Feedback #0258",1,0
"Ravi de le tableau de bord, je suis vraiment content. #Client #0259",1,0
"Excellent ressenti sur le tableau de bord, le design est propre. #Tweet #0260",1,0
"J'adore la réservation, tout fonctionne parfaitement. #MoodMetrics #0261",1,0
"Très bonne surprise avec la réservation, le résultat dépasse mes attentes. #Avis #0262",1,0
"Franchement satisfait de la réservation, les explications sont utiles. #Feedback #0263",1,0
"Expérience positive pour la réservation, l'équipe a été très aimable. #Client #0264",1,0
"Je recommande la réservation, le parcours est agréable. #Tweet #0265",1,0
"Super moment avec la réservation, c'est stable et pratique. #MoodMetrics #0266",1,0
"Belle amélioration sur la réservation, la prise en main est facile. #Avis #0267",1,0
"Service impeccable pour la réservation, l'interface est claire. #Feedback #0268",1,0
"Ravi de la réservation, la navigation est fluide. #Client #0269",1,0
"Excellent ressenti sur la réservation, la qualité est au rendez-vous. #Tweet #0270",1,0
"J'adore le support, la solution est simple. #MoodMetrics #0271",1,0
"Très bonne surprise avec le support, les informations sont précises. #Avis #0272",1,0
"Franchement satisfait de le support, les performances sont bonnes. #Feedback #0273",1,0
"Expérience positive pour le support, le suivi est rassurant. #Client #0274",1,0
"Je recommande le support, la réponse a été rapide. #Tweet #0275",1,0
"Super moment avec le support, le traitement est efficace. #MoodMetrics #0276",1,0
"Belle amélioration sur le support, le délai est respecté. #Avis #0277",1,0
"Service impeccable pour le support, ça me fait gagner du temps. #Feedback #0278",1,0
"Ravi de le support, je suis vraiment content. #Client #0279",1,0
"Excellent ressenti sur le support, le design est propre. #Tweet #0280",1,0
"J'adore la nouvelle version, tout fonctionne parfaitement. #MoodMetrics #0281",1,0
"Très bonne surprise avec la nouvelle version, le résultat dépasse mes attentes. #Avis #0282",1,0
"Franchement satisfait de la nouvelle version, les explications sont utiles. #Feedback #0283",1,0
"Expérience positive pour la nouvelle version, l'équipe a été très aimable. #Client #0284",1,0
"Je recommande la nouvelle version, le parcours est agréable. #Tweet #0285",1,0
"Super moment avec la nouvelle version, c'est stable et pratique. #MoodMetrics #0286",1,0
"Belle amélioration sur la nouvelle version, la prise en main est facile. #Avis #0287",1,0
"Service impeccable pour la nouvelle version, l'interface est claire. #Feedback #0288",1,0
"Ravi de la nouvelle version, la navigation est fluide. #Client #0289",1,0
"Excellent ressenti sur la nouvelle version, la qualité est au rendez-vous. #Tweet #0290",1,0
"J'adore la commande, la solution est simple. #MoodMetrics #0291",1,0
"Très bonne surprise avec la commande, les informations sont précises. #Avis #0292",1,0
"Franchement satisfait de la commande, les performances sont bonnes. #Feedback #0293",1,0
"Expérience positive pour la commande, le suivi est rassurant. #Client #0294",1,0
"Je recommande la commande, la réponse a été rapide. #Tweet #0295",1,0
"Super moment avec la commande, le traitement est efficace. #MoodMetrics #0296",1,0
"Belle amélioration sur la commande, le délai est respecté. #Avis #0297",1,0
"Service impeccable pour la commande, ça me fait gagner du temps. #Feedback #0298",1,0
"Ravi de la commande, je suis vraiment content. #Client #0299",1,0
"Excellent ressenti sur la commande, le design est propre. #Tweet #0300",1,0
"J'adore le produit, tout fonctionne parfaitement. #MoodMetrics #0301",1,0
"Très bonne surprise avec le produit, le résultat dépasse mes attentes. #Avis #0302",1,0
"Franchement satisfait de le produit, les explications sont utiles. #Feedback #0303",1,0
"Expérience positive pour le produit, l'équipe a été très aimable. #Client #0304",1,0
"Je recommande le produit, le parcours est agréable. #Tweet #0305",1,0
"Super moment avec le produit, c'est stable et pratique. #MoodMetrics #0306",1,0
"Belle amélioration sur le produit, la prise en main est facile. #Avis #0307",1,0
"Service impeccable pour le produit, l'interface est claire. #Feedback #0308",1,0
"Ravi de le produit, la navigation est fluide. #Client #0309",1,0
"Excellent ressenti sur le produit, la qualité est au rendez-vous. #Tweet #0310",1,0
"J'adore la boutique, la solution est simple. #MoodMetrics #0311",1,0
"Très bonne surprise avec la boutique, les informations sont précises. #Avis #0312",1,0
"Franchement satisfait de la boutique, les performances sont bonnes. #Feedback #0313",1,0
"Expérience positive pour la boutique, le suivi est rassurant. #Client #0314",1,0
"Je recommande la boutique, la réponse a été rapide. #Tweet #0315",1,0
"Super moment avec la boutique, le traitement est efficace. #MoodMetrics #0316",1,0
"Belle amélioration sur la boutique, le délai est respecté. #Avis #0317",1,0
"Service impeccable pour la boutique, ça me fait gagner du temps. #Feedback #0318",1,0
"Ravi de la boutique, je suis vraiment content. #Client #0319",1,0
"Excellent ressenti sur la boutique, le design est propre. #Tweet #0320",1,0
"J'adore le formulaire, tout fonctionne parfaitement. #MoodMetrics #0321",1,0
"Très bonne surprise avec le formulaire, le résultat dépasse mes attentes. #Avis #0322",1,0
"Franchement satisfait de le formulaire, les explications sont utiles. #Feedback #0323",1,0
"Expérience positive pour le formulaire, l'équipe a été très aimable. #Client #0324",1,0
"Je recommande le formulaire, le parcours est agréable. #Tweet #0325",1,0
"Super moment avec le formulaire, c'est stable et pratique. #MoodMetrics #0326",1,0
"Belle amélioration sur le formulaire, la prise en main est facile. #Avis #0327",1,0
"Service impeccable pour le formulaire, l'interface est claire. #Feedback #0328",1,0
"Ravi de le formulaire, la navigation est fluide. #Client #0329",1,0
"Excellent ressenti sur le formulaire, la qualité est au rendez-vous. #Tweet #0330",1,0
"J'adore le compte utilisateur, la solution est simple. #MoodMetrics #0331",1,0
"Très bonne surprise avec le compte utilisateur, les informations sont précises. #Avis #0332",1,0
"Franchement satisfait de le compte utilisateur, les performances sont bonnes. #Feedback #0333",1,0
"Expérience positive pour le compte utilisateur, le suivi est rassurant. #Client #0334",1,0
"Je recommande le compte utilisateur, la réponse a été rapide. #Tweet #0335",1,0
"Super moment avec le compte utilisateur, le traitement est efficace. #MoodMetrics #0336",1,0
"Belle amélioration sur le compte utilisateur, le délai est respecté. #Avis #0337",1,0
"Service impeccable pour le compte utilisateur, ça me fait gagner du temps. #Feedback #0338",1,0
"Ravi de le compte utilisateur, je suis vraiment content. #Client #0339",1,0
"Excellent ressenti sur le compte utilisateur, le design est propre. #Tweet #0340",1,0
"J'adore la notification, tout fonctionne parfaitement. #MoodMetrics #0341",1,0
"Très bonne surprise avec la notification, le résultat dépasse mes attentes. #Avis #0342",1,0
"Franchement satisfait de la notification, les explications sont utiles. #Feedback #0343",1,0
"Expérience positive pour la notification, l'équipe a été très aimable. #Client #0344",1,0
"Je recommande la notification, le parcours est agréable. #Tweet #0345",1,0
"Super moment avec la notification, c'est stable et pratique. #MoodMetrics #0346",1,0
"Belle amélioration sur la notification, la prise en main est facile. #Avis #0347",1,0
"Service impeccable pour la notification, l'interface est claire. #Feedback #0348",1,0
"Ravi de la notification, la navigation est fluide. #Client #0349",1,0
"Excellent ressenti sur la notification, la qualité est au rendez-vous. #Tweet #0350",1,0
"J'adore le suivi, la solution est simple. #MoodMetrics #0351",1,0
"Très bonne surprise avec le suivi, les informations sont précises. #Avis #0352",1,0
"Franchement satisfait de le suivi, les performances sont bonnes. #Feedback #0353",1,0
"Expérience positive pour le suivi, le suivi est rassurant. #Client #0354",1,0
"Je recommande le suivi, la réponse a été rapide. #Tweet #0355",1,0
"Super moment avec le suivi, le traitement est efficace. #MoodMetrics #0356",1,0
"Belle amélioration sur le suivi, le délai est respecté. #Avis #0357",1,0
"Service impeccable pour le suivi, ça me fait gagner du temps. #Feedback #0358",1,0
"Ravi de le suivi, je suis vraiment content. #Client #0359",1,0
"Excellent ressenti sur le suivi, le design est propre. #Tweet #0360",1,0
"J'adore le moteur de recherche, tout fonctionne parfaitement. #MoodMetrics #0361",1,0
"Très bonne surprise avec le moteur de recherche, le résultat dépasse mes attentes. #Avis #0362",1,0
"Franchement satisfait de le moteur de recherche, les explications sont utiles. #Feedback #0363",1,0
"Expérience positive pour le moteur de recherche, l'équipe a été très aimable. #Client #0364",1,0
"Je recommande le moteur de recherche, le parcours est agréable. #Tweet #0365",1,0
"Super moment avec le moteur de recherche, c'est stable et pratique. #MoodMetrics #0366",1,0
"Belle amélioration sur le moteur de recherche, la prise en main est facile. #Avis #0367",1,0
"Service impeccable pour le moteur de recherche, l'interface est claire. #Feedback #0368",1,0
"Ravi de le moteur de recherche, la navigation est fluide. #Client #0369",1,0
"Excellent ressenti sur le moteur de recherche, la qualité est au rendez-vous. #Tweet #0370",1,0
"J'adore la connexion, la solution est simple. #MoodMetrics #0371",1,0
"Très bonne surprise avec la connexion, les informations sont précises. #Avis #0372",1,0
"Franchement satisfait de la connexion, les performances sont bonnes. #Feedback #0373",1,0
"Expérience positive pour la connexion, le suivi est rassurant. #Client #0374",1,0
"Je recommande la connexion, la réponse a été rapide. #Tweet #0375",1,0
"Super moment avec la connexion, le traitement est efficace. #MoodMetrics #0376",1,0
"Belle amélioration sur la connexion, le délai est respecté. #Avis #0377",1,0
"Service impeccable pour la connexion, ça me fait gagner du temps. #Feedback #0378",1,0
"Ravi de la connexion, je suis vraiment content. #Client #0379",1,0
"Excellent ressenti sur la connexion, le design est propre. #Tweet #0380",1,0
"J'adore la facture, tout fonctionne parfaitement. #MoodMetrics #0381",1,0
"Très bonne surprise avec la facture, le résultat dépasse mes attentes. #Avis #0382",1,0
"Franchement satisfait de la facture, les explications sont utiles. #Feedback #0383",1,0
"Expérience positive pour la facture, l'équipe a été très aimable. #Client #0384",1,0
"Je recommande la facture, le parcours est agréable. #Tweet #0385",1,0
"Super moment avec la facture, c'est stable et pratique. #MoodMetrics #0386",1,0
"Belle amélioration sur la facture, la prise en main est facile. #Avis #0387",1,0
"Service impeccable pour la facture, l'interface est claire. #Feedback #0388",1,0
"Ravi de la facture, la navigation est fluide. #Client #0389",1,0
"Excellent ressenti sur la facture, la qualité est au rendez-vous. #Tweet #0390",1,0
"J'adore le remboursement, la solution est simple. #MoodMetrics #0391",1,0
"Très bonne surprise avec le remboursement, les informations sont précises. #Avis #0392",1,0
"Franchement satisfait de le remboursement, les performances sont bonnes. #Feedback #0393",1,0
"Expérience positive pour le remboursement, le suivi est rassurant. #Client #0394",1,0
"Je recommande le remboursement, la réponse a été rapide. #Tweet #0395",1,0
"Super moment avec le remboursement, le traitement est efficace. #MoodMetrics #0396",1,0
"Belle amélioration sur le remboursement, le délai est respecté. #Avis #0397",1,0
"Service impeccable pour le remboursement, ça me fait gagner du temps. #Feedback #0398",1,0
"Ravi de le remboursement, je suis vraiment content. #Client #0399",1,0
"Excellent ressenti sur le remboursement, le design est propre. #Tweet #0400",1,0
"Je déteste l'application, rien ne marche correctement. #MoodMetrics #0401",0,1
"Très mauvaise expérience avec l'application, le résultat est loin des attentes. #Avis #0402",0,1
"Déçu par l'application, les explications sont inutiles. #Feedback #0403",0,1
"Expérience négative pour l'application, l'équipe n'a pas aidé. #Client #0404",0,1
"Je ne recommande pas l'application, le parcours est désagréable. #Tweet #0405",0,1
"Grosse frustration avec l'application, c'est instable et pénible. #MoodMetrics #0406",0,1
"Problème pénible sur l'application, la prise en main est difficile. #Avis #0407",0,1
"Service catastrophique pour l'application, l'interface est confuse. #Feedback #0408",0,1
"Mécontent de l'application, la navigation bloque souvent. #Client #0409",0,1
"Mauvais ressenti sur l'application, la qualité n'est pas au niveau. #Tweet #0410",0,1
"Je déteste le site, la solution est compliquée. #MoodMetrics #0411",0,1
"Très mauvaise expérience avec le site, les informations sont imprécises. #Avis #0412",0,1
"Déçu par le site, les performances sont mauvaises. #Feedback #0413",0,1
"Expérience négative pour le site, le suivi est inquiétant. #Client #0414",0,1
"Je ne recommande pas le site, la réponse a été trop lente. #Tweet #0415",0,1
"Grosse frustration avec le site, le traitement échoue. #MoodMetrics #0416",0,1
"Problème pénible sur le site, le délai n'est pas respecté. #Avis #0417",0,1
"Service catastrophique pour le site, ça me fait perdre du temps. #Feedback #0418",0,1
"Mécontent de le site, je suis vraiment agacé. #Client #0419",0,1
"Mauvais ressenti sur le site, le design est brouillon. #Tweet #0420",0,1
"Je déteste le service client, rien ne marche correctement. #MoodMetrics #0421",0,1
"Très mauvaise expérience avec le service client, le résultat est loin des attentes. #Avis #0422",0,1
"Déçu par le service client, les explications sont inutiles. #Feedback #0423",0,1
"Expérience négative pour le service client, l'équipe n'a pas aidé. #Client #0424",0,1
"Je ne recommande pas le service client, le parcours est désagréable. #Tweet #0425",0,1
"Grosse frustration avec le service client, c'est instable et pénible. #MoodMetrics #0426",0,1
"Problème pénible sur le service client, la prise en main est difficile. #Avis #0427",0,1
"Service catastrophique pour le service client, l'interface est confuse. #Feedback #0428",0,1
"Mécontent de le service client, la navigation bloque souvent. #Client #0429",0,1
"Mauvais ressenti sur le service client, la qualité n'est pas au niveau. #Tweet #0430",0,1
"Je déteste la livraison, la solution est compliquée. #MoodMetrics #0431",0,1
"Très mauvaise expérience avec la livraison, les informations sont imprécises. #Avis #0432",0,1
"Déçu par la livraison, les performances sont mauvaises. #Feedback #0433",0,1
"Expérience négative pour la livraison, le suivi est inquiétant. #Client #0434",0,1
"Je ne recommande pas la livraison, la réponse a été trop lente. #Tweet #0435",0,1
"Grosse frustration avec la livraison, le traitement échoue. #MoodMetrics #0436",0,1
"Problème pénible sur la livraison, le délai n'est pas respecté. #Avis #0437",0,1
"Service catastrophique pour la livraison, ça me fait perdre du temps. #Feedback #0438",0,1
"Mécontent de la livraison, je suis vraiment agacé. #Client #0439",0,1
"Mauvais ressenti sur la livraison, le design est brouillon. #Tweet #0440",0,1
"Je déteste le paiement, rien ne marche correctement. #MoodMetrics #0441",0,1
"Très mauvaise expérience avec le paiement, le résultat est loin des attentes. #Avis #0442",0,1
"Déçu par le paiement, les explications sont inutiles. #Feedback #0443",0,1
"Expérience négative pour le paiement, l'équipe n'a pas aidé. #Client #0444",0,1
"Je ne recommande pas le paiement, le parcours est désagréable. #Tweet #0445",0,1
"Grosse frustration avec le paiement, c'est instable et pénible. #MoodMetrics #0446",0,1
"Problème pénible sur le paiement, la prise en main est difficile. #Avis #0447",0,1
"Service catastrophique pour le paiement, l'interface est confuse. #Feedback #0448",0,1
"Mécontent de le paiement, la navigation bloque souvent. #Client #0449",0,1
"Mauvais ressenti sur le paiement, la qualité n'est pas au niveau. #Tweet #0450",0,1
"Je déteste le tableau de bord, la solution est compliquée. #MoodMetrics #0451",0,1
"Très mauvaise expérience avec le tableau de bord, les informations sont imprécises. #Avis #0452",0,1
"Déçu par le tableau de bord, les performances sont mauvaises. #Feedback #0453",0,1
"Expérience négative pour le tableau de bord, le suivi est inquiétant. #Client #0454",0,1
"Je ne recommande pas le tableau de bord, la réponse a été trop lente. #Tweet #0455",0,1
"Grosse frustration avec le tableau de bord, le traitement échoue. #MoodMetrics #0456",0,1
"Problème pénible sur le tableau de bord, le délai n'est pas respecté. #Avis #0457",0,1
"Service catastrophique pour le tableau de bord, ça me fait perdre du temps. #Feedback #0458",0,1
"Mécontent de le tableau de bord, je suis vraiment agacé. #Client #0459",0,1
"Mauvais ressenti sur le tableau de bord, le design est brouillon. #Tweet #0460",0,1
"Je déteste la réservation, rien ne marche correctement. #MoodMetrics #0461",0,1
"Très mauvaise expérience avec la réservation, le résultat est loin des attentes. #Avis #0462",0,1
"Déçu par la réservation, les explications sont inutiles. #Feedback #0463",0,1
"Expérience négative pour la réservation, l'équipe n'a pas aidé. #Client #0464",0,1
"Je ne recommande pas la réservation, le parcours est désagréable. #Tweet #0465",0,1
"Grosse frustration avec la réservation, c'est instable et pénible. #MoodMetrics #0466",0,1
"Problème pénible sur la réservation, la prise en main est difficile. #Avis #0467",0,1
"Service catastrophique pour la réservation, l'interface est confuse. #Feedback #0468",0,1
"Mécontent de la réservation, la navigation bloque souvent. #Client #0469",0,1
"Mauvais ressenti sur la réservation, la qualité n'est pas au niveau. #Tweet #0470",0,1
"Je déteste le support, la solution est compliquée. #MoodMetrics #0471",0,1
"Très mauvaise expérience avec le support, les informations sont imprécises. #Avis #0472",0,1
"Déçu par le support, les performances sont mauvaises. #Feedback #0473",0,1
"Expérience négative pour le support, le suivi est inquiétant. #Client #0474",0,1
"Je ne recommande pas le support, la réponse a été trop lente. #Tweet #0475",0,1
"Grosse frustration avec le support, le traitement échoue. #MoodMetrics #0476",0,1
"Problème pénible sur le support, le délai n'est pas respecté. #Avis #0477",0,1
"Service catastrophique pour le support, ça me fait perdre du temps. #Feedback #0478",0,1
"Mécontent de le support, je suis vraiment agacé. #Client #0479",0,1
"Mauvais ressenti sur le support, le design est brouillon. #Tweet #0480",0,1
"Je déteste la nouvelle version, rien ne marche correctement. #MoodMetrics #0481",0,1
"Très mauvaise expérience avec la nouvelle version, le résultat est loin des attentes. #Avis #0482",0,1
"Déçu par la nouvelle version, les explications sont inutiles. #Feedback #0483",0,1
"Expérience négative pour la nouvelle version, l'équipe n'a pas aidé. #Client #0484",0,1
"Je ne recommande pas la nouvelle version, le parcours est désagréable. #Tweet #0485",0,1
"Grosse frustration avec la nouvelle version, c'est instable et pénible. #MoodMetrics #0486",0,1
"Problème pénible sur la nouvelle version, la prise en main est difficile. #Avis #0487",0,1
"Service catastrophique pour la nouvelle version, l'interface est confuse. #Feedback #0488",0,1
"Mécontent de la nouvelle version, la navigation bloque souvent. #Client #0489",0,1
"Mauvais ressenti sur la nouvelle version, la qualité n'est pas au niveau. #Tweet #0490",0,1
"Je déteste la commande, la solution est compliquée. #MoodMetrics #0491",0,1
"Très mauvaise expérience avec la commande, les informations sont imprécises. #Avis #0492",0,1
"Déçu par la commande, les performances sont mauvaises. #Feedback #0493",0,1
"Expérience négative pour la commande, le suivi est inquiétant. #Client #0494",0,1
"Je ne recommande pas la commande, la réponse a été trop lente. #Tweet #0495",0,1
"Grosse frustration avec la commande, le traitement échoue. #MoodMetrics #0496",0,1
"Problème pénible sur la commande, le délai n'est pas respecté. #Avis #0497",0,1
"Service catastrophique pour la commande, ça me fait perdre du temps. #Feedback #0498",0,1
"Mécontent de la commande, je suis vraiment agacé. #Client #0499",0,1
"Mauvais ressenti sur la commande, le design est brouillon. #Tweet #0500",0,1
"Je déteste le produit, rien ne marche correctement. #MoodMetrics #0501",0,1
"Très mauvaise expérience avec le produit, le résultat est loin des attentes. #Avis #0502",0,1
"Déçu par le produit, les explications sont inutiles. #Feedback #0503",0,1
"Expérience négative pour le produit, l'équipe n'a pas aidé. #Client #0504",0,1
"Je ne recommande pas le produit, le parcours est désagréable. #Tweet #0505",0,1
"Grosse frustration avec le produit, c'est instable et pénible. #MoodMetrics #0506",0,1
"Problème pénible sur le produit, la prise en main est difficile. #Avis #0507",0,1
"Service catastrophique pour le produit, l'interface est confuse. #Feedback #0508",0,1
"Mécontent de le produit, la navigation bloque souvent. #Client #0509",0,1
"Mauvais ressenti sur le produit, la qualité n'est pas au niveau. #Tweet #0510",0,1
"Je déteste la boutique, la solution est compliquée. #MoodMetrics #0511",0,1
"Très mauvaise expérience avec la boutique, les informations sont imprécises. #Avis #0512",0,1
"Déçu par la boutique, les performances sont mauvaises. #Feedback #0513",0,1
"Expérience négative pour la boutique, le suivi est inquiétant. #Client #0514",0,1
"Je ne recommande pas la boutique, la réponse a été trop lente. #Tweet #0515",0,1
"Grosse frustration avec la boutique, le traitement échoue. #MoodMetrics #0516",0,1
"Problème pénible sur la boutique, le délai n'est pas respecté. #Avis #0517",0,1
"Service catastrophique pour la boutique, ça me fait perdre du temps. #Feedback #0518",0,1
"Mécontent de la boutique, je suis vraiment agacé. #Client #0519",0,1
"Mauvais ressenti sur la boutique, le design est brouillon. #Tweet #0520",0,1
"Je déteste le formulaire, rien ne marche correctement. #MoodMetrics #0521",0,1
"Très mauvaise expérience avec le formulaire, le résultat est loin des attentes. #Avis #0522",0,1
"Déçu par le formulaire, les explications sont inutiles. #Feedback #0523",0,1
"Expérience négative pour le formulaire, l'équipe n'a pas aidé. #Client #0524",0,1
"Je ne recommande pas le formulaire, le parcours est désagréable. #Tweet #0525",0,1
"Grosse frustration avec le formulaire, c'est instable et pénible. #MoodMetrics #0526",0,1
"Problème pénible sur le formulaire, la prise en main est difficile. #Avis #0527",0,1
"Service catastrophique pour le formulaire, l'interface est confuse. #Feedback #0528",0,1
"Mécontent de le formulaire, la navigation bloque souvent. #Client #0529",0,1
"Mauvais ressenti sur le formulaire, la qualité n'est pas au niveau. #Tweet #0530",0,1
"Je déteste le compte utilisateur, la solution est compliquée. #MoodMetrics #0531",0,1
"Très mauvaise expérience avec le compte utilisateur, les informations sont imprécises. #Avis #0532",0,1
"Déçu par le compte utilisateur, les performances sont mauvaises. #Feedback #0533",0,1
"Expérience négative pour le compte utilisateur, le suivi est inquiétant. #Client #0534",0,1
"Je ne recommande pas le compte utilisateur, la réponse a été trop lente. #Tweet #0535",0,1
"Grosse frustration avec le compte utilisateur, le traitement échoue. #MoodMetrics #0536",0,1
"Problème pénible sur le compte utilisateur, le délai n'est pas respecté. #Avis #0537",0,1
"Service catastrophique pour le compte utilisateur, ça me fait perdre du temps. #Feedback #0538",0,1
"Mécontent de le compte utilisateur, je suis vraiment agacé. #Client #0539",0,1
"Mauvais ressenti sur le compte utilisateur, le design est brouillon. #Tweet #0540",0,1
"Je déteste la notification, rien ne marche correctement. #MoodMetrics #0541",0,1
"Très mauvaise expérience avec la notification, le résultat est loin des attentes. #Avis #0542",0,1
"Déçu par la notification, les explications sont inutiles. #Feedback #0543",0,1
"Expérience négative pour la notification, l'équipe n'a pas aidé. #Client #0544",0,1
"Je ne recommande pas la notification, le parcours est désagréable. #Tweet #0545",0,1
"Grosse frustration avec la notification, c'est instable et pénible. #MoodMetrics #0546",0,1
"Problème pénible sur la notification, la prise en main est difficile. #Avis #0547",0,1
"Service catastrophique pour la notification, l'interface est confuse. #Feedback #0548",0,1
"Mécontent de la notification, la navigation bloque souvent. #Client #0549",0,1
"Mauvais ressenti sur la notification, la qualité n'est pas au niveau. #Tweet #0550",0,1
"Je déteste le suivi, la solution est compliquée. #MoodMetrics #0551",0,1
"Très mauvaise expérience avec le suivi, les informations sont imprécises. #Avis #0552",0,1
"Déçu par le suivi, les performances sont mauvaises. #Feedback #0553",0,1
"Expérience négative pour le suivi, le suivi est inquiétant. #Client #0554",0,1
"Je ne recommande pas le suivi, la réponse a été trop lente. #Tweet #0555",0,1
"Grosse frustration avec le suivi, le traitement échoue. #MoodMetrics #0556",0,1
"Problème pénible sur le suivi, le délai n'est pas respecté. #Avis #0557",0,1
"Service catastrophique pour le suivi, ça me fait perdre du temps. #Feedback #0558",0,1
"Mécontent de le suivi, je suis vraiment agacé. #Client #0559",0,1
"Mauvais ressenti sur le suivi, le design est brouillon. #Tweet #0560",0,1
"Je déteste le moteur de recherche, rien ne marche correctement. #MoodMetrics #0561",0,1
"Très mauvaise expérience avec le moteur de recherche, le résultat est loin des attentes. #Avis #0562",0,1
"Déçu par le moteur de recherche, les explications sont inutiles. #Feedback #0563",0,1
"Expérience négative pour le moteur de recherche, l'équipe n'a pas aidé. #Client #0564",0,1
"Je ne recommande pas le moteur de recherche, le parcours est désagréable. #Tweet #0565",0,1
"Grosse frustration avec le moteur de recherche, c'est instable et pénible. #MoodMetrics #0566",0,1
"Problème pénible sur le moteur de recherche, la prise en main est difficile. #Avis #0567",0,1
"Service catastrophique pour le moteur de recherche, l'interface est confuse. #Feedback #0568",0,1
"Mécontent de le moteur de recherche, la navigation bloque souvent. #Client #0569",0,1
"Mauvais ressenti sur le moteur de recherche, la qualité n'est pas au niveau. #Tweet #0570",0,1
"Je déteste la connexion, la solution est compliquée. #MoodMetrics #0571",0,1
"Très mauvaise expérience avec la connexion, les informations sont imprécises. #Avis #0572",0,1
"Déçu par la connexion, les performances sont mauvaises. #Feedback #0573",0,1
"Expérience négative pour la connexion, le suivi est inquiétant. #Client #0574",0,1
"Je ne recommande pas la connexion, la réponse a été trop lente. #Tweet #0575",0,1
"Grosse frustration avec la connexion, le traitement échoue. #MoodMetrics #0576",0,1
"Problème pénible sur la connexion, le délai n'est pas respecté. #Avis #0577",0,1
"Service catastrophique pour la connexion, ça me fait perdre du temps. #Feedback #0578",0,1
"Mécontent de la connexion, je suis vraiment agacé. #Client #0579",0,1
"Mauvais ressenti sur la connexion, le design est brouillon. #Tweet #0580",0,1
"Je déteste la facture, rien ne marche correctement. #MoodMetrics #0581",0,1
"Très mauvaise expérience avec la facture, le résultat est loin des attentes. #Avis #0582",0,1
"Déçu par la facture, les explications sont inutiles. #Feedback #0583",0,1
"Expérience négative pour la facture, l'équipe n'a pas aidé. #Client #0584",0,1
"Je ne recommande pas la facture, le parcours est désagréable. #Tweet #0585",0,1
"Grosse frustration avec la facture, c'est instable et pénible. #MoodMetrics #0586",0,1
"Problème pénible sur la facture, la prise en main est difficile. #Avis #0587",0,1
"Service catastrophique pour la facture, l'interface est confuse. #Feedback #0588",0,1
"Mécontent de la facture, la navigation bloque souvent. #Client #0589",0,1
"Mauvais ressenti sur la facture, la qualité n'est pas au niveau. #Tweet #0590",0,1
"Je déteste le remboursement, la solution est compliquée. #MoodMetrics #0591",0,1
"Très mauvaise expérience avec le remboursement, les informations sont imprécises. #Avis #0592",0,1
"Déçu par le remboursement, les performances sont mauvaises. #Feedback #0593",0,1
"Expérience négative pour le remboursement, le suivi est inquiétant. #Client #0594",0,1
"Je ne recommande pas le remboursement, la réponse a été trop lente. #Tweet #0595",0,1
"Grosse frustration avec le remboursement, le traitement échoue. #MoodMetrics #0596",0,1
"Problème pénible sur le remboursement, le délai n'est pas respecté. #Avis #0597",0,1
"Service catastrophique pour le remboursement, ça me fait perdre du temps. #Feedback #0598",0,1
"Mécontent de le remboursement, je suis vraiment agacé. #Client #0599",0,1
"Mauvais ressenti sur le remboursement, le design est brouillon. #Tweet #0600",0,1
"Je déteste l'application, rien ne marche correctement. #MoodMetrics #0601",0,1
"Très mauvaise expérience avec l'application, le résultat est loin des attentes. #Avis #0602",0,1
"Déçu par l'application, les explications sont inutiles. #Feedback #0603",0,1
"Expérience négative pour l'application, l'équipe n'a pas aidé. #Client #0604",0,1
"Je ne recommande pas l'application, le parcours est désagréable. #Tweet #0605",0,1
"Grosse frustration avec l'application, c'est instable et pénible. #MoodMetrics #0606",0,1
"Problème pénible sur l'application, la prise en main est difficile. #Avis #0607",0,1
"Service catastrophique pour l'application, l'interface est confuse. #Feedback #0608",0,1
"Mécontent de l'application, la navigation bloque souvent. #Client #0609",0,1
"Mauvais ressenti sur l'application, la qualité n'est pas au niveau. #Tweet #0610",0,1
"Je déteste le site, la solution est compliquée. #MoodMetrics #0611",0,1
"Très mauvaise expérience avec le site, les informations sont imprécises. #Avis #0612",0,1
"Déçu par le site, les performances sont mauvaises. #Feedback #0613",0,1
"Expérience négative pour le site, le suivi est inquiétant. #Client #0614",0,1
"Je ne recommande pas le site, la réponse a été trop lente. #Tweet #0615",0,1
"Grosse frustration avec le site, le traitement échoue. #MoodMetrics #0616",0,1
"Problème pénible sur le site, le délai n'est pas respecté. #Avis #0617",0,1
"Service catastrophique pour le site, ça me fait perdre du temps. #Feedback #0618",0,1
"Mécontent de le site, je suis vraiment agacé. #Client #0619",0,1
"Mauvais ressenti sur le site, le design est brouillon. #Tweet #0620",0,1
"Je déteste le service client, rien ne marche correctement. #MoodMetrics #0621",0,1
"Très mauvaise expérience avec le service client, le résultat est loin des attentes. #Avis #0622",0,1
"Déçu par le service client, les explications sont inutiles. #Feedback #0623",0,1
"Expérience négative pour le service client, l'équipe n'a pas aidé. #Client #0624",0,1
"Je ne recommande pas le service client, le parcours est désagréable. #Tweet #0625",0,1
"Grosse frustration avec le service client, c'est instable et pénible. #MoodMetrics #0626",0,1
"Problème pénible sur le service client, la prise en main est difficile. #Avis #0627",0,1
"Service catastrophique pour le service client, l'interface est confuse. #Feedback #0628",0,1
"Mécontent de le service client, la navigation bloque souvent. #Client #0629",0,1
"Mauvais ressenti sur le service client, la qualité n'est pas au niveau. #Tweet #0630",0,1
"Je déteste la livraison, la solution est compliquée. #MoodMetrics #0631",0,1
"Très mauvaise expérience avec la livraison, les informations sont imprécises. #Avis #0632",0,1
"Déçu par la livraison, les performances sont mauvaises. #Feedback #0633",0,1
"Expérience négative pour la livraison, le suivi est inquiétant. #Client #0634",0,1
"Je ne recommande pas la livraison, la réponse a été trop lente. #Tweet #0635",0,1
"Grosse frustration avec la livraison, le traitement échoue. #MoodMetrics #0636",0,1
"Problème pénible sur la livraison, le délai n'est pas respecté. #Avis #0637",0,1
"Service catastrophique pour la livraison, ça me fait perdre du temps. #Feedback #0638",0,1
"Mécontent de la livraison, je suis vraiment agacé. #Client #0639",0,1
"Mauvais ressenti sur la livraison, le design est brouillon. #Tweet #0640",0,1
"Je déteste le paiement, rien ne marche correctement. #MoodMetrics #0641",0,1
"Très mauvaise expérience avec le paiement, le résultat est loin des attentes. #Avis #0642",0,1
"Déçu par le paiement, les explications sont inutiles. #Feedback #0643",0,1
"Expérience négative pour le paiement, l'équipe n'a pas aidé. #Client #0644",0,1
"Je ne recommande pas le paiement, le parcours est désagréable. #Tweet #0645",0,1
"Grosse frustration avec le paiement, c'est instable et pénible. #MoodMetrics #0646",0,1
"Problème pénible sur le paiement, la prise en main est difficile. #Avis #0647",0,1
"Service catastrophique pour le paiement, l'interface est confuse. #Feedback #0648",0,1
"Mécontent de le paiement, la navigation bloque souvent. #Client #0649",0,1
"Mauvais ressenti sur le paiement, la qualité n'est pas au niveau. #Tweet #0650",0,1
"Je déteste le tableau de bord, la solution est compliquée. #MoodMetrics #0651",0,1
"Très mauvaise expérience avec le tableau de bord, les informations sont imprécises. #Avis #0652",0,1
"Déçu par le tableau de bord, les performances sont mauvaises. #Feedback #0653",0,1
"Expérience négative pour le tableau de bord, le suivi est inquiétant. #Client #0654",0,1
"Je ne recommande pas le tableau de bord, la réponse a été trop lente. #Tweet #0655",0,1
"Grosse frustration avec le tableau de bord, le traitement échoue. #MoodMetrics #0656",0,1
"Problème pénible sur le tableau de bord, le délai n'est pas respecté. #Avis #0657",0,1
"Service catastrophique pour le tableau de bord, ça me fait perdre du temps. #Feedback #0658",0,1
"Mécontent de le tableau de bord, je suis vraiment agacé. #Client #0659",0,1
"Mauvais ressenti sur le tableau de bord, le design est brouillon. #Tweet #0660",0,1
"Je déteste la réservation, rien ne marche correctement. #MoodMetrics #0661",0,1
"Très mauvaise expérience avec la réservation, le résultat est loin des attentes. #Avis #0662",0,1
"Déçu par la réservation, les explications sont inutiles. #Feedback #0663",0,1
"Expérience négative pour la réservation, l'équipe n'a pas aidé. #Client #0664",0,1
"Je ne recommande pas la réservation, le parcours est désagréable. #Tweet #0665",0,1
"Grosse frustration avec la réservation, c'est instable et pénible. #MoodMetrics #0666",0,1
"Problème pénible sur la réservation, la prise en main est difficile. #Avis #0667",0,1
"Service catastrophique pour la réservation, l'interface est confuse. #Feedback #0668",0,1
"Mécontent de la réservation, la navigation bloque souvent. #Client #0669",0,1
"Mauvais ressenti sur la réservation, la qualité n'est pas au niveau. #Tweet #0670",0,1
"Je déteste le support, la solution est compliquée. #MoodMetrics #0671",0,1
"Très mauvaise expérience avec le support, les informations sont imprécises. #Avis #0672",0,1
"Déçu par le support, les performances sont mauvaises. #Feedback #0673",0,1
"Expérience négative pour le support, le suivi est inquiétant. #Client #0674",0,1
"Je ne recommande pas le support, la réponse a été trop lente. #Tweet #0675",0,1
"Grosse frustration avec le support, le traitement échoue. #MoodMetrics #0676",0,1
"Problème pénible sur le support, le délai n'est pas respecté. #Avis #0677",0,1
"Service catastrophique pour le support, ça me fait perdre du temps. #Feedback #0678",0,1
"Mécontent de le support, je suis vraiment agacé. #Client #0679",0,1
"Mauvais ressenti sur le support, le design est brouillon. #Tweet #0680",0,1
"Je déteste la nouvelle version, rien ne marche correctement. #MoodMetrics #0681",0,1
"Très mauvaise expérience avec la nouvelle version, le résultat est loin des attentes. #Avis #0682",0,1
"Déçu par la nouvelle version, les explications sont inutiles. #Feedback #0683",0,1
"Expérience négative pour la nouvelle version, l'équipe n'a pas aidé. #Client #0684",0,1
"Je ne recommande pas la nouvelle version, le parcours est désagréable. #Tweet #0685",0,1
"Grosse frustration avec la nouvelle version, c'est instable et pénible. #MoodMetrics #0686",0,1
"Problème pénible sur la nouvelle version, la prise en main est difficile. #Avis #0687",0,1
"Service catastrophique pour la nouvelle version, l'interface est confuse. #Feedback #0688",0,1
"Mécontent de la nouvelle version, la navigation bloque souvent. #Client #0689",0,1
"Mauvais ressenti sur la nouvelle version, la qualité n'est pas au niveau. #Tweet #0690",0,1
"Je déteste la commande, la solution est compliquée. #MoodMetrics #0691",0,1
"Très mauvaise expérience avec la commande, les informations sont imprécises. #Avis #0692",0,1
"Déçu par la commande, les performances sont mauvaises. #Feedback #0693",0,1
"Expérience négative pour la commande, le suivi est inquiétant. #Client #0694",0,1
"Je ne recommande pas la commande, la réponse a été trop lente. #Tweet #0695",0,1
"Grosse frustration avec la commande, le traitement échoue. #MoodMetrics #0696",0,1
"Problème pénible sur la commande, le délai n'est pas respecté. #Avis #0697",0,1
"Service catastrophique pour la commande, ça me fait perdre du temps. #Feedback #0698",0,1
"Mécontent de la commande, je suis vraiment agacé. #Client #0699",0,1
"Mauvais ressenti sur la commande, le design est brouillon. #Tweet #0700",0,1
"Je déteste le produit, rien ne marche correctement. #MoodMetrics #0701",0,1
"Très mauvaise expérience avec le produit, le résultat est loin des attentes. #Avis #0702",0,1
"Déçu par le produit, les explications sont inutiles. #Feedback #0703",0,1
"Expérience négative pour le produit, l'équipe n'a pas aidé. #Client #0704",0,1
"Je ne recommande pas le produit, le parcours est désagréable. #Tweet #0705",0,1
"Grosse frustration avec le produit, c'est instable et pénible. #MoodMetrics #0706",0,1
"Problème pénible sur le produit, la prise en main est difficile. #Avis #0707",0,1
"Service catastrophique pour le produit, l'interface est confuse. #Feedback #0708",0,1
"Mécontent de le produit, la navigation bloque souvent. #Client #0709",0,1
"Mauvais ressenti sur le produit, la qualité n'est pas au niveau. #Tweet #0710",0,1
"Je déteste la boutique, la solution est compliquée. #MoodMetrics #0711",0,1
"Très mauvaise expérience avec la boutique, les informations sont imprécises. #Avis #0712",0,1
"Déçu par la boutique, les performances sont mauvaises. #Feedback #0713",0,1
"Expérience négative pour la boutique, le suivi est inquiétant. #Client #0714",0,1
"Je ne recommande pas la boutique, la réponse a été trop lente. #Tweet #0715",0,1
"Grosse frustration avec la boutique, le traitement échoue. #MoodMetrics #0716",0,1
"Problème pénible sur la boutique, le délai n'est pas respecté. #Avis #0717",0,1
"Service catastrophique pour la boutique, ça me fait perdre du temps. #Feedback #0718",0,1
"Mécontent de la boutique, je suis vraiment agacé. #Client #0719",0,1
"Mauvais ressenti sur la boutique, le design est brouillon. #Tweet #0720",0,1
"Je déteste le formulaire, rien ne marche correctement. #MoodMetrics #0721",0,1
"Très mauvaise expérience avec le formulaire, le résultat est loin des attentes. #Avis #0722",0,1
"Déçu par le formulaire, les explications sont inutiles. #Feedback #0723",0,1
"Expérience négative pour le formulaire, l'équipe n'a pas aidé. #Client #0724",0,1
"Je ne recommande pas le formulaire, le parcours est désagréable. #Tweet #0725",0,1
"Grosse frustration avec le formulaire, c'est instable et pénible. #MoodMetrics #0726",0,1
"Problème pénible sur le formulaire, la prise en main est difficile. #Avis #0727",0,1
"Service catastrophique pour le formulaire, l'interface est confuse. #Feedback #0728",0,1
"Mécontent de le formulaire, la navigation bloque souvent. #Client #0729",0,1
"Mauvais ressenti sur le formulaire, la qualité n'est pas au niveau. #Tweet #0730",0,1
"Je déteste le compte utilisateur, la solution est compliquée. #MoodMetrics #0731",0,1
"Très mauvaise expérience avec le compte utilisateur, les informations sont imprécises. #Avis #0732",0,1
"Déçu par le compte utilisateur, les performances sont mauvaises. #Feedback #0733",0,1
"Expérience négative pour le compte utilisateur, le suivi est inquiétant. #Client #0734",0,1
"Je ne recommande pas le compte utilisateur, la réponse a été trop lente. #Tweet #0735",0,1
"Grosse frustration avec le compte utilisateur, le traitement échoue. #MoodMetrics #0736",0,1
"Problème pénible sur le compte utilisateur, le délai n'est pas respecté. #Avis #0737",0,1
"Service catastrophique pour le compte utilisateur, ça me fait perdre du temps. #Feedback #0738",0,1
"Mécontent de le compte utilisateur, je suis vraiment agacé. #Client #0739",0,1
"Mauvais ressenti sur le compte utilisateur, le design est brouillon. #Tweet #0740",0,1
"Je déteste la notification, rien ne marche correctement. #MoodMetrics #0741",0,1
"Très mauvaise expérience avec la notification, le résultat est loin des attentes. #Avis #0742",0,1
"Déçu par la notification, les explications sont inutiles. #Feedback #0743",0,1
"Expérience négative pour la notification, l'équipe n'a pas aidé. #Client #0744",0,1
"Je ne recommande pas la notification, le parcours est désagréable. #Tweet #0745",0,1
"Grosse frustration avec la notification, c'est instable et pénible. #MoodMetrics #0746",0,1
"Problème pénible sur la notification, la prise en main est difficile. #Avis #0747",0,1
"Service catastrophique pour la notification, l'interface est confuse. #Feedback #0748",0,1
"Mécontent de la notification, la navigation bloque souvent. #Client #0749",0,1
"Mauvais ressenti sur la notification, la qualité n'est pas au niveau. #Tweet #0750",0,1
"Je déteste le suivi, la solution est compliquée. #MoodMetrics #0751",0,1
"Très mauvaise expérience avec le suivi, les informations sont imprécises. #Avis #0752",0,1
"Déçu par le suivi, les performances sont mauvaises. #Feedback #0753",0,1
"Expérience négative pour le suivi, le suivi est inquiétant. #Client #0754",0,1
"Je ne recommande pas le suivi, la réponse a été trop lente. #Tweet #0755",0,1
"Grosse frustration avec le suivi, le traitement échoue. #MoodMetrics #0756",0,1
"Problème pénible sur le suivi, le délai n'est pas respecté. #Avis #0757",0,1
"Service catastrophique pour le suivi, ça me fait perdre du temps. #Feedback #0758",0,1
"Mécontent de le suivi, je suis vraiment agacé. #Client #0759",0,1
"Mauvais ressenti sur le suivi, le design est brouillon. #Tweet #0760",0,1
"Je déteste le moteur de recherche, rien ne marche correctement. #MoodMetrics #0761",0,1
"Très mauvaise expérience avec le moteur de recherche, le résultat est loin des attentes. #Avis #0762",0,1
"Déçu par le moteur de recherche, les explications sont inutiles. #Feedback #0763",0,1
"Expérience négative pour le moteur de recherche, l'équipe n'a pas aidé. #Client #0764",0,1
"Je ne recommande pas le moteur de recherche, le parcours est désagréable. #Tweet #0765",0,1
"Grosse frustration avec le moteur de recherche, c'est instable et pénible. #MoodMetrics #0766",0,1
"Problème pénible sur le moteur de recherche, la prise en main est difficile. #Avis #0767",0,1
"Service catastrophique pour le moteur de recherche, l'interface est confuse. #Feedback #0768",0,1
"Mécontent de le moteur de recherche, la navigation bloque souvent. #Client #0769",0,1
"Mauvais ressenti sur le moteur de recherche, la qualité n'est pas au niveau. #Tweet #0770",0,1
"Je déteste la connexion, la solution est compliquée. #MoodMetrics #0771",0,1
"Très mauvaise expérience avec la connexion, les informations sont imprécises. #Avis #0772",0,1
"Déçu par la connexion, les performances sont mauvaises. #Feedback #0773",0,1
"Expérience négative pour la connexion, le suivi est inquiétant. #Client #0774",0,1
"Je ne recommande pas la connexion, la réponse a été trop lente. #Tweet #0775",0,1
"Grosse frustration avec la connexion, le traitement échoue. #MoodMetrics #0776",0,1
"Problème pénible sur la connexion, le délai n'est pas respecté. #Avis #0777",0,1
"Service catastrophique pour la connexion, ça me fait perdre du temps. #Feedback #0778",0,1
"Mécontent de la connexion, je suis vraiment agacé. #Client #0779",0,1
"Mauvais ressenti sur la connexion, le design est brouillon. #Tweet #0780",0,1
"Je déteste la facture, rien ne marche correctement. #MoodMetrics #0781",0,1
"Très mauvaise expérience avec la facture, le résultat est loin des attentes. #Avis #0782",0,1
"Déçu par la facture, les explications sont inutiles. #Feedback #0783",0,1
"Expérience négative pour la facture, l'équipe n'a pas aidé. #Client #0784",0,1
"Je ne recommande pas la facture, le parcours est désagréable. #Tweet #0785",0,1
"Grosse frustration avec la facture, c'est instable et pénible. #MoodMetrics #0786",0,1
"Problème pénible sur la facture, la prise en main est difficile. #Avis #0787",0,1
"Service catastrophique pour la facture, l'interface est confuse. #Feedback #0788",0,1
"Mécontent de la facture, la navigation bloque souvent. #Client #0789",0,1
"Mauvais ressenti sur la facture, la qualité n'est pas au niveau. #Tweet #0790",0,1
"Je déteste le remboursement, la solution est compliquée. #MoodMetrics #0791",0,1
"Très mauvaise expérience avec le remboursement, les informations sont imprécises. #Avis #0792",0,1
"Déçu par le remboursement, les performances sont mauvaises. #Feedback #0793",0,1
"Expérience négative pour le remboursement, le suivi est inquiétant. #Client #0794",0,1
"Je ne recommande pas le remboursement, la réponse a été trop lente. #Tweet #0795",0,1
"Grosse frustration avec le remboursement, le traitement échoue. #MoodMetrics #0796",0,1
"Problème pénible sur le remboursement, le délai n'est pas respecté. #Avis #0797",0,1
"Service catastrophique pour le remboursement, ça me fait perdre du temps. #Feedback #0798",0,1
"Mécontent de le remboursement, je suis vraiment agacé. #Client #0799",0,1
"Mauvais ressenti sur le remboursement, le design est brouillon. #Tweet #0800",0,1
"Information reçue sur l'application, le statut est en attente. #MoodMetrics #0801",0,0
"Mise à jour concernant l'application, le dossier est disponible. #Avis #0802",0,0
"Retour factuel sur l'application, le remboursement est mentionné. #Feedback #0803",0,0
"Observation du jour sur l'application, la page affiche les informations prévues. #Client #0804",0,0
"Message neutre à propos de l'application, le formulaire contient trois champs. #Tweet #0805",0,0
"Information reçue sur le site, la connexion demande un mot de passe. #MoodMetrics #0806",0,0
"Mise à jour concernant le site, le message a été envoyé. #Avis #0807",0,0
"Retour factuel sur le site, la commande porte une référence. #Feedback #0808",0,0
"Observation du jour sur le site, le tableau contient les données. #Client #0809",0,0
"Message neutre à propos de le site, la demande est enregistrée. #Tweet #0810",0,0
"Information reçue sur le service client, le compte existe déjà. #MoodMetrics #0811",0,0
"Mise à jour concernant le service client, le produit est affiché. #Avis #0812",0,0
"Retour factuel sur le service client, la version actuelle est notée. #Feedback #0813",0,0
"Observation du jour sur le service client, la notification est visible. #Client #0814",0,0
"Message neutre à propos de le service client, le support a reçu le ticket. #Tweet #0815",0,0
"Information reçue sur la livraison, le traitement est planifié. #MoodMetrics #0816",0,0
"Mise à jour concernant la livraison, le suivi indique une étape. #Avis #0817",0,0
"Retour factuel sur la livraison, la réservation apparaît dans l'espace client. #Feedback #0818",0,0
"Observation du jour sur la livraison, la date indiquée reste inchangée. #Client #0819",0,0
"Message neutre à propos de la livraison, la facture est listée. #Tweet #0820",0,0
"Information reçue sur le paiement, le statut est en attente. #MoodMetrics #0821",0,0
"Mise à jour concernant le paiement, le dossier est disponible. #Avis #0822",0,0
"Retour factuel sur le paiement, le remboursement est mentionné. #Feedback #0823",0,0
"Observation du jour sur le paiement, la page affiche les informations prévues. #Client #0824",0,0
"Message neutre à propos de le paiement, le formulaire contient trois champs. #Tweet #0825",0,0
"Information reçue sur le tableau de bord, la connexion demande un mot de passe. #MoodMetrics #0826",0,0
"Mise à jour concernant le tableau de bord, le message a été envoyé. #Avis #0827",0,0
"Retour factuel sur le tableau de bord, la commande porte une référence. #Feedback #0828",0,0
"Observation du jour sur le tableau de bord, le tableau contient les données. #Client #0829",0,0
"Message neutre à propos de le tableau de bord, la demande est enregistrée. #Tweet #0830",0,0
"Information reçue sur la réservation, le compte existe déjà. #MoodMetrics #0831",0,0
"Mise à jour concernant la réservation, le produit est affiché. #Avis #0832",0,0
"Retour factuel sur la réservation, la version actuelle est notée. #Feedback #0833",0,0
"Observation du jour sur la réservation, la notification est visible. #Client #0834",0,0
"Message neutre à propos de la réservation, le support a reçu le ticket. #Tweet #0835",0,0
"Information reçue sur le support, le traitement est planifié. #MoodMetrics #0836",0,0
"Mise à jour concernant le support, le suivi indique une étape. #Avis #0837",0,0
"Retour factuel sur le support, la réservation apparaît dans l'espace client. #Feedback #0838",0,0
"Observation du jour sur le support, la date indiquée reste inchangée. #Client #0839",0,0
"Message neutre à propos de le support, la facture est listée. #Tweet #0840",0,0
"Information reçue sur la nouvelle version, le statut est en attente. #MoodMetrics #0841",0,0
"Mise à jour concernant la nouvelle version, le dossier est disponible. #Avis #0842",0,0
"Retour factuel sur la nouvelle version, le remboursement est mentionné. #Feedback #0843",0,0
"Observation du jour sur la nouvelle version, la page affiche les informations prévues. #Client #0844",0,0
"Message neutre à propos de la nouvelle version, le formulaire contient trois champs. #Tweet #0845",0,0
"Information reçue sur la commande, la connexion demande un mot de passe. #MoodMetrics #0846",0,0
"Mise à jour concernant la commande, le message a été envoyé. #Avis #0847",0,0
"Retour factuel sur la commande, la commande porte une référence. #Feedback #0848",0,0
"Observation du jour sur la commande, le tableau contient les données. #Client #0849",0,0
"Message neutre à propos de la commande, la demande est enregistrée. #Tweet #0850",0,0
"Information reçue sur le produit, le compte existe déjà. #MoodMetrics #0851",0,0
"Mise à jour concernant le produit, le produit est affiché. #Avis #0852",0,0
"Retour factuel sur le produit, la version actuelle est notée. #Feedback #0853",0,0
"Observation du jour sur le produit, la notification est visible. #Client #0854",0,0
"Message neutre à propos de le produit, le support a reçu le ticket. #Tweet #0855",0,0
"Information reçue sur la boutique, le traitement est planifié. #MoodMetrics #0856",0,0
"Mise à jour concernant la boutique, le suivi indique une étape. #Avis #0857",0,0
"Retour factuel sur la boutique, la réservation apparaît dans l'espace client. #Feedback #0858",0,0
"Observation du jour sur la boutique, la date indiquée reste inchangée. #Client #0859",0,0
"Message neutre à propos de la boutique, la facture est listée. #Tweet #0860",0,0
"Information reçue sur le formulaire, le statut est en attente. #MoodMetrics #0861",0,0
"Mise à jour concernant le formulaire, le dossier est disponible. #Avis #0862",0,0
"Retour factuel sur le formulaire, le remboursement est mentionné. #Feedback #0863",0,0
"Observation du jour sur le formulaire, la page affiche les informations prévues. #Client #0864",0,0
"Message neutre à propos de le formulaire, le formulaire contient trois champs. #Tweet #0865",0,0
"Information reçue sur le compte utilisateur, la connexion demande un mot de passe. #MoodMetrics #0866",0,0
"Mise à jour concernant le compte utilisateur, le message a été envoyé. #Avis #0867",0,0
"Retour factuel sur le compte utilisateur, la commande porte une référence. #Feedback #0868",0,0
"Observation du jour sur le compte utilisateur, le tableau contient les données. #Client #0869",0,0
"Message neutre à propos de le compte utilisateur, la demande est enregistrée. #Tweet #0870",0,0
"Information reçue sur la notification, le compte existe déjà. #MoodMetrics #0871",0,0
"Mise à jour concernant la notification, le produit est affiché. #Avis #0872",0,0
"Retour factuel sur la notification, la version actuelle est notée. #Feedback #0873",0,0
"Observation du jour sur la notification, la notification est visible. #Client #0874",0,0
"Message neutre à propos de la notification, le support a reçu le ticket. #Tweet #0875",0,0
"Information reçue sur le suivi, le traitement est planifié. #MoodMetrics #0876",0,0
"Mise à jour concernant le suivi, le suivi indique une étape. #Avis #0877",0,0
"Retour factuel sur le suivi, la réservation apparaît dans l'espace client. #Feedback #0878",0,0
"Observation du jour sur le suivi, la date indiquée reste inchangée. #Client #0879",0,0
"Message neutre à propos de le suivi, la facture est listée. #Tweet #0880",0,0
"Information reçue sur le moteur de recherche, le statut est en attente. #MoodMetrics #0881",0,0
"Mise à jour concernant le moteur de recherche, le dossier est disponible. #Avis #0882",0,0
"Retour factuel sur le moteur de recherche, le remboursement est mentionné. #Feedback #0883",0,0
"Observation du jour sur le moteur de recherche, la page affiche les informations prévues. #Client #0884",0,0
"Message neutre à propos de le moteur de recherche, le formulaire contient trois champs. #Tweet #0885",0,0
"Information reçue sur la connexion, la connexion demande un mot de passe. #MoodMetrics #0886",0,0
"Mise à jour concernant la connexion, le message a été envoyé. #Avis #0887",0,0
"Retour factuel sur la connexion, la commande porte une référence. #Feedback #0888",0,0
"Observation du jour sur la connexion, le tableau contient les données. #Client #0889",0,0
"Message neutre à propos de la connexion, la demande est enregistrée. #Tweet #0890",0,0
"Information reçue sur la facture, le compte existe déjà. #MoodMetrics #0891",0,0
"Mise à jour concernant la facture, le produit est affiché. #Avis #0892",0,0
"Retour factuel sur la facture, la version actuelle est notée. #Feedback #0893",0,0
"Observation du jour sur la facture, la notification est visible. #Client #0894",0,0
"Message neutre à propos de la facture, le support a reçu le ticket. #Tweet #0895",0,0
"Information reçue sur le remboursement, le traitement est planifié. #MoodMetrics #0896",0,0
"Mise à jour concernant le remboursement, le suivi indique une étape. #Avis #0897",0,0
"Retour factuel sur le remboursement, la réservation apparaît dans l'espace client. #Feedback #0898",0,0
"Observation du jour sur le remboursement, la date indiquée reste inchangée. #Client #0899",0,0
"Message neutre à propos de le remboursement, la facture est listée. #Tweet #0900",0,0
"Information reçue sur l'application, le statut est en attente. #MoodMetrics #0901",0,0
"Mise à jour concernant l'application, le dossier est disponible. #Avis #0902",0,0
"Retour factuel sur l'application, le remboursement est mentionné. #Feedback #0903",0,0
"Observation du jour sur l'application, la page affiche les informations prévues. #Client #0904",0,0
"Message neutre à propos de l'application, le formulaire contient trois champs. #Tweet #0905",0,0
"Information reçue sur le site, la connexion demande un mot de passe. #MoodMetrics #0906",0,0
"Mise à jour concernant le site, le message a été envoyé. #Avis #0907",0,0
"Retour factuel sur le site, la commande porte une référence. #Feedback #0908",0,0
"Observation du jour sur le site, le tableau contient les données. #Client #0909",0,0
"Message neutre à propos de le site, la demande est enregistrée. #Tweet #0910",0,0
"Information reçue sur le service client, le compte existe déjà. #MoodMetrics #0911",0,0
"Mise à jour concernant le service client, le produit est affiché. #Avis #0912",0,0
"Retour factuel sur le service client, la version actuelle est notée. #Feedback #0913",0,0
"Observation du jour sur le service client, la notification est visible. #Client #0914",0,0
"Message neutre à propos de le service client, le support a reçu le ticket. #Tweet #0915",0,0
"Information reçue sur la livraison, le traitement est planifié. #MoodMetrics #0916",0,0
"Mise à jour concernant la livraison, le suivi indique une étape. #Avis #0917",0,0
"Retour factuel sur la livraison, la réservation apparaît dans l'espace client. #Feedback #0918",0,0
"Observation du jour sur la livraison, la date indiquée reste inchangée. #Client #0919",0,0
"Message neutre à propos de la livraison, la facture est listée. #Tweet #0920",0,0
"Information reçue sur le paiement, le statut est en attente. #MoodMetrics #0921",0,0
"Mise à jour concernant le paiement, le dossier est disponible. #Avis #0922",0,0
"Retour factuel sur le paiement, le remboursement est mentionné. #Feedback #0923",0,0
"Observation du jour sur le paiement, la page affiche les informations prévues. #Client #0924",0,0
"Message neutre à propos de le paiement, le formulaire contient trois champs. #Tweet #0925",0,0
"Information reçue sur le tableau de bord, la connexion demande un mot de passe. #MoodMetrics #0926",0,0
"Mise à jour concernant le tableau de bord, le message a été envoyé. #Avis #0927",0,0
"Retour factuel sur le tableau de bord, la commande porte une référence. #Feedback #0928",0,0
"Observation du jour sur le tableau de bord, le tableau contient les données. #Client #0929",0,0
"Message neutre à propos de le tableau de bord, la demande est enregistrée. #Tweet #0930",0,0
"Information reçue sur la réservation, le compte existe déjà. #MoodMetrics #0931",0,0
"Mise à jour concernant la réservation, le produit est affiché. #Avis #0932",0,0
"Retour factuel sur la réservation, la version actuelle est notée. #Feedback #0933",0,0
"Observation du jour sur la réservation, la notification est visible. #Client #0934",0,0
"Message neutre à propos de la réservation, le support a reçu le ticket. #Tweet #0935",0,0
"Information reçue sur le support, le traitement est planifié. #MoodMetrics #0936",0,0
"Mise à jour concernant le support, le suivi indique une étape. #Avis #0937",0,0
"Retour factuel sur le support, la réservation apparaît dans l'espace client. #Feedback #0938",0,0
"Observation du jour sur le support, la date indiquée reste inchangée. #Client #0939",0,0
"Message neutre à propos de le support, la facture est listée. #Tweet #0940",0,0
"Information reçue sur la nouvelle version, le statut est en attente. #MoodMetrics #0941",0,0
"Mise à jour concernant la nouvelle version, le dossier est disponible. #Avis #0942",0,0
"Retour factuel sur la nouvelle version, le remboursement est mentionné. #Feedback #0943",0,0
"Observation du jour sur la nouvelle version, la page affiche les informations prévues. #Client #0944",0,0
"Message neutre à propos de la nouvelle version, le formulaire contient trois champs. #Tweet #0945",0,0
"Information reçue sur la commande, la connexion demande un mot de passe. #MoodMetrics #0946",0,0
"Mise à jour concernant la commande, le message a été envoyé. #Avis #0947",0,0
"Retour factuel sur la commande, la commande porte une référence. #Feedback #0948",0,0
"Observation du jour sur la commande, le tableau contient les données. #Client #0949",0,0
"Message neutre à propos de la commande, la demande est enregistrée. #Tweet #0950",0,0
"Information reçue sur le produit, le compte existe déjà. #MoodMetrics #0951",0,0
"Mise à jour concernant le produit, le produit est affiché. #Avis #0952",0,0
"Retour factuel sur le produit, la version actuelle est notée. #Feedback #0953",0,0
"Observation du jour sur le produit, la notification est visible. #Client #0954",0,0
"Message neutre à propos de le produit, le support a reçu le ticket. #Tweet #0955",0,0
"Information reçue sur la boutique, le traitement est planifié. #MoodMetrics #0956",0,0
"Mise à jour concernant la boutique, le suivi indique une étape. #Avis #0957",0,0
"Retour factuel sur la boutique, la réservation apparaît dans l'espace client. #Feedback #0958",0,0
"Observation du jour sur la boutique, la date indiquée reste inchangée. #Client #0959",0,0
"Message neutre à propos de la boutique, la facture est listée. #Tweet #0960",0,0
"Information reçue sur le formulaire, le statut est en attente. #MoodMetrics #0961",0,0
"Mise à jour concernant le formulaire, le dossier est disponible. #Avis #0962",0,0
"Retour factuel sur le formulaire, le remboursement est mentionné. #Feedback #0963",0,0
"Observation du jour sur le formulaire, la page affiche les informations prévues. #Client #0964",0,0
"Message neutre à propos de le formulaire, le formulaire contient trois champs. #Tweet #0965",0,0
"Information reçue sur le compte utilisateur, la connexion demande un mot de passe. #MoodMetrics #0966",0,0
"Mise à jour concernant le compte utilisateur, le message a été envoyé. #Avis #0967",0,0
"Retour factuel sur le compte utilisateur, la commande porte une référence. #Feedback #0968",0,0
"Observation du jour sur le compte utilisateur, le tableau contient les données. #Client #0969",0,0
"Message neutre à propos de le compte utilisateur, la demande est enregistrée. #Tweet #0970",0,0
"Information reçue sur la notification, le compte existe déjà. #MoodMetrics #0971",0,0
"Mise à jour concernant la notification, le produit est affiché. #Avis #0972",0,0
"Retour factuel sur la notification, la version actuelle est notée. #Feedback #0973",0,0
"Observation du jour sur la notification, la notification est visible. #Client #0974",0,0
"Message neutre à propos de la notification, le support a reçu le ticket. #Tweet #0975",0,0
"Information reçue sur le suivi, le traitement est planifié. #MoodMetrics #0976",0,0
"Mise à jour concernant le suivi, le suivi indique une étape. #Avis #0977",0,0
"Retour factuel sur le suivi, la réservation apparaît dans l'espace client. #Feedback #0978",0,0
"Observation du jour sur le suivi, la date indiquée reste inchangée. #Client #0979",0,0
"Message neutre à propos de le suivi, la facture est listée. #Tweet #0980",0,0
"Information reçue sur le moteur de recherche, le statut est en attente. #MoodMetrics #0981",0,0
"Mise à jour concernant le moteur de recherche, le dossier est disponible. #Avis #0982",0,0
"Retour factuel sur le moteur de recherche, le remboursement est mentionné. #Feedback #0983",0,0
"Observation du jour sur le moteur de recherche, la page affiche les informations prévues. #Client #0984",0,0
"Message neutre à propos de le moteur de recherche, le formulaire contient trois champs. #Tweet #0985",0,0
"Information reçue sur la connexion, la connexion demande un mot de passe. #MoodMetrics #0986",0,0
"Mise à jour concernant la connexion, le message a été envoyé. #Avis #0987",0,0
"Retour factuel sur la connexion, la commande porte une référence. #Feedback #0988",0,0
"Observation du jour sur la connexion, le tableau contient les données. #Client #0989",0,0
"Message neutre à propos de la connexion, la demande est enregistrée. #Tweet #0990",0,0
"Information reçue sur la facture, le compte existe déjà. #MoodMetrics #0991",0,0
"Mise à jour concernant la facture, le produit est affiché. #Avis #0992",0,0
"Retour factuel sur la facture, la version actuelle est notée. #Feedback #0993",0,0
"Observation du jour sur la facture, la notification est visible. #Client #0994",0,0
"Message neutre à propos de la facture, le support a reçu le ticket. #Tweet #0995",0,0
"Information reçue sur le remboursement, le traitement est planifié. #MoodMetrics #0996",0,0
"Mise à jour concernant le remboursement, le suivi indique une étape. #Avis #0997",0,0
"Retour factuel sur le remboursement, la réservation apparaît dans l'espace client. #Feedback #0998",0,0
"Observation du jour sur le remboursement, la date indiquée reste inchangée. #Client #0999",0,0
"Message neutre à propos de le remboursement, la facture est listée. #Tweet #1000",0,0
